{"cameraMode":{"drawMode":0,"name":"Shaded","section":"Shading Mode"},"sceneLighting":false,"audioPlay":false,"sceneViewState":{"showFog":true,"showMaterialUpdate":false,"showSkybox":false,"showFlares":true,"showImageEffects":true,"showParticleSystems":true},"in2DMode":false,"pivot":{"x":0.020758531987667085,"y":0.024751830846071245,"z":-0.1116529032588005},"rotation":{"x":-0.3487691283226013,"y":0.1597009301185608,"z":-0.06044210493564606,"w":-0.9215219020843506},"size":0.14855821430683137,"orthographic":false}