{"cameraMode":{"drawMode":0,"name":"Shaded","section":"Shading Mode"},"sceneLighting":false,"audioPlay":false,"sceneViewState":{"showFog":true,"showMaterialUpdate":false,"showSkybox":false,"showFlares":true,"showImageEffects":true,"showParticleSystems":true},"in2DMode":false,"pivot":{"x":-4.410111427307129,"y":0.05313253402709961,"z":-4.635344505310059},"rotation":{"x":-0.2918007969856262,"y":0.5414198637008667,"z":-0.20770174264907838,"w":-0.7606423497200012},"size":24.38166618347168,"orthographic":false}