{"cameraMode":{"drawMode":0,"name":"Shaded","section":"Shading Mode"},"sceneLighting":false,"audioPlay":false,"sceneViewState":{"showFog":true,"showMaterialUpdate":false,"showSkybox":false,"showFlares":true,"showImageEffects":true,"showParticleSystems":true},"in2DMode":false,"pivot":{"x":38.29294204711914,"y":-10.833198547363282,"z":29.980628967285158},"rotation":{"x":0.17069943249225617,"y":0.725135326385498,"z":-0.19391927123069764,"w":0.6383069753646851},"size":74.41560363769531,"orthographic":false}