{"cameraMode":{"drawMode":0,"name":"Shaded","section":"Shading Mode"},"sceneLighting":false,"audioPlay":false,"sceneViewState":{"showFog":true,"showMaterialUpdate":false,"showSkybox":false,"showFlares":true,"showImageEffects":true,"showParticleSystems":true},"in2DMode":false,"pivot":{"x":2.1690826416015627,"y":0.0247171800583601,"z":-0.8675387501716614},"rotation":{"x":-0.3487691283226013,"y":0.1597009301185608,"z":-0.06044210493564606,"w":-0.9215219020843506},"size":8.782120704650879,"orthographic":false}