{"cameraMode":{"drawMode":0,"name":"Shaded","section":"Shading Mode"},"sceneLighting":false,"audioPlay":false,"sceneViewState":{"showFog":true,"showMaterialUpdate":false,"showSkybox":false,"showFlares":true,"showImageEffects":true,"showParticleSystems":true},"in2DMode":false,"pivot":{"x":-0.2686535716056824,"y":1.295930027961731,"z":-0.12670457363128663},"rotation":{"x":-0.020387286320328714,"y":-0.9664223194122315,"z":0.2429756075143814,"w":-0.0810871571302414},"size":17.586658477783204,"orthographic":false}