{"cameraMode":{"drawMode":0,"name":"Shaded","section":"Shading Mode"},"sceneLighting":false,"audioPlay":false,"sceneViewState":{"showFog":true,"showMaterialUpdate":false,"showSkybox":false,"showFlares":true,"showImageEffects":true,"showParticleSystems":true},"in2DMode":false,"pivot":{"x":-2.4454612731933595,"y":0.041986942291259769,"z":9.596813201904297},"rotation":{"x":0.17069943249225617,"y":0.725135326385498,"z":-0.19391927123069764,"w":0.6383069753646851},"size":40000.0,"orthographic":false}