{"cameraMode":{"drawMode":0,"name":"Shaded","section":"Shading Mode"},"sceneLighting":false,"audioPlay":false,"sceneViewState":{"showFog":true,"showMaterialUpdate":false,"showSkybox":false,"showFlares":true,"showImageEffects":true,"showParticleSystems":true},"in2DMode":false,"pivot":{"x":4.373390197753906,"y":4.828433036804199,"z":12.271464347839356},"rotation":{"x":0.17069943249225617,"y":0.725135326385498,"z":-0.19391927123069764,"w":0.6383069753646851},"size":13.83377742767334,"orthographic":false}