{"cameraMode":{"drawMode":0,"name":"Shaded","section":"Shading Mode"},"sceneLighting":false,"audioPlay":false,"sceneViewState":{"showFog":true,"showMaterialUpdate":false,"showSkybox":false,"showFlares":true,"showImageEffects":true,"showParticleSystems":true},"in2DMode":false,"pivot":{"x":-17.73488998413086,"y":3.105517625808716,"z":3.439213514328003},"rotation":{"x":0.1978635936975479,"y":-0.3924928605556488,"z":0.08686704188585282,"w":0.8940098285675049},"size":12.426482200622559,"orthographic":false}