{"cameraMode":{"drawMode":0,"name":"Shaded","section":"Shading Mode"},"sceneLighting":false,"audioPlay":false,"sceneViewState":{"showFog":true,"showMaterialUpdate":false,"showSkybox":false,"showFlares":true,"showImageEffects":true,"showParticleSystems":true},"in2DMode":false,"pivot":{"x":5.960464477539063e-8,"y":1.1920928955078126e-7,"z":0.0},"rotation":{"x":-0.11172495037317276,"y":0.8770016431808472,"z":-0.39671680331230166,"w":-0.2469848394393921},"size":2.8578948974609377,"orthographic":false}