{"cameraMode":{"drawMode":0,"name":"Shaded","section":"Shading Mode"},"sceneLighting":false,"audioPlay":false,"sceneViewState":{"showFog":true,"showMaterialUpdate":false,"showSkybox":false,"showFlares":true,"showImageEffects":true,"showParticleSystems":true},"in2DMode":false,"pivot":{"x":-3.7030181884765627,"y":2.5867176055908205,"z":-0.08058929443359375},"rotation":{"x":-0.13273964822292329,"y":0.17651301622390748,"z":-0.024030646309256555,"w":-0.9750107526779175},"size":70.50346374511719,"orthographic":false}