{"cameraMode":{"drawMode":0,"name":"Shaded","section":"Shading Mode"},"sceneLighting":false,"audioPlay":false,"sceneViewState":{"showFog":true,"showMaterialUpdate":false,"showSkybox":false,"showFlares":true,"showImageEffects":true,"showParticleSystems":true},"in2DMode":false,"pivot":{"x":-0.8763570785522461,"y":3.6617162227630617,"z":0.203155517578125},"rotation":{"x":-0.13273964822292329,"y":0.17651301622390748,"z":-0.024030646309256555,"w":-0.9750107526779175},"size":13.143385887145996,"orthographic":false}