{"cameraMode":{"drawMode":0,"name":"Shaded","section":"Shading Mode"},"sceneLighting":false,"audioPlay":false,"sceneViewState":{"showFog":true,"showMaterialUpdate":false,"showSkybox":false,"showFlares":true,"showImageEffects":true,"showParticleSystems":true},"in2DMode":false,"pivot":{"x":5.453728675842285,"y":-0.3202352523803711,"z":-8.82376480102539},"rotation":{"x":0.10613687336444855,"y":0.18854306638240815,"z":-0.020501481369137765,"w":0.9760974645614624},"size":17.494924545288087,"orthographic":false}