{"cameraMode":{"drawMode":0,"name":"Shaded","section":"Shading Mode"},"sceneLighting":false,"audioPlay":false,"sceneViewState":{"showFog":true,"showMaterialUpdate":false,"showSkybox":false,"showFlares":true,"showImageEffects":true,"showParticleSystems":true},"in2DMode":false,"pivot":{"x":-1.0498535633087159,"y":0.9744182229042053,"z":-0.628892183303833},"rotation":{"x":0.23769380152225495,"y":-0.15080349147319795,"z":0.03738388419151306,"w":0.9588338732719421},"size":3.4103596210479738,"orthographic":false}