{"cameraMode":{"drawMode":0,"name":"Shaded","section":"Shading Mode"},"sceneLighting":false,"audioPlay":false,"sceneViewState":{"showFog":true,"showMaterialUpdate":false,"showSkybox":false,"showFlares":true,"showImageEffects":true,"showParticleSystems":true},"in2DMode":false,"pivot":{"x":-27.27556800842285,"y":1.1911098957061768,"z":12.75273609161377},"rotation":{"x":-0.24089661240577699,"y":-0.10689347982406616,"z":0.026704346761107446,"w":-0.9642767310142517},"size":2.0007476806640627,"orthographic":false}