{"cameraMode":{"drawMode":0,"name":"Shaded","section":"Shading Mode"},"sceneLighting":false,"audioPlay":false,"sceneViewState":{"showFog":true,"showMaterialUpdate":false,"showSkybox":false,"showFlares":true,"showImageEffects":true,"showParticleSystems":true},"in2DMode":false,"pivot":{"x":0.8420219421386719,"y":5.32792854309082,"z":0.203155517578125},"rotation":{"x":0.10613687336444855,"y":0.18854306638240815,"z":-0.020501481369137765,"w":0.9760974645614624},"size":29.49521827697754,"orthographic":false}