{"cameraMode":{"drawMode":0,"name":"Shaded","section":"Shading Mode"},"sceneLighting":false,"audioPlay":false,"sceneViewState":{"showFog":true,"showMaterialUpdate":true,"showSkybox":false,"showFlares":true,"showImageEffects":true,"showParticleSystems":true},"in2DMode":false,"pivot":{"x":-5.5283379554748539,"y":4.36981201171875,"z":0.07393741607666016},"rotation":{"x":0.06296044588088989,"y":-0.0000010289517149431049,"z":-3.719792687206791e-7,"w":0.9980160593986511},"size":33.822349548339847,"orthographic":false}