{"cameraMode":{"drawMode":0,"name":"Shaded","section":"Shading Mode"},"sceneLighting":false,"audioPlay":false,"sceneViewState":{"showFog":true,"showMaterialUpdate":true,"showSkybox":false,"showFlares":true,"showImageEffects":true,"showParticleSystems":true},"in2DMode":false,"pivot":{"x":6.777663230895996,"y":0.8679220676422119,"z":6.0000810623168949},"rotation":{"x":0.06296044588088989,"y":-0.0000010289517149431049,"z":-3.719792687206791e-7,"w":0.9980160593986511},"size":52.530662536621097,"orthographic":false}