{"cameraMode":{"drawMode":0,"name":"Shaded","section":"Shading Mode"},"sceneLighting":false,"audioPlay":false,"sceneViewState":{"showFog":true,"showMaterialUpdate":true,"showSkybox":false,"showFlares":true,"showImageEffects":true,"showParticleSystems":true},"in2DMode":false,"pivot":{"x":-0.1165776252746582,"y":-0.13433735072612763,"z":-0.024822235107421876},"rotation":{"x":0.23633787035942079,"y":-0.558961808681488,"z":0.17015501856803895,"w":0.7763720154762268},"size":19.233108520507814,"orthographic":false}