{"cameraMode":{"drawMode":0,"name":"Shaded","section":"Shading Mode"},"sceneLighting":false,"audioPlay":false,"sceneViewState":{"showFog":true,"showMaterialUpdate":true,"showSkybox":false,"showFlares":true,"showImageEffects":true,"showParticleSystems":true},"in2DMode":false,"pivot":{"x":-0.8763570785522461,"y":3.6617162227630617,"z":0.203155517578125},"rotation":{"x":0.06296044588088989,"y":-0.0000010289517149431049,"z":-3.719792687206791e-7,"w":0.9980160593986511},"size":24.472442626953126,"orthographic":false}