{"cameraMode":{"drawMode":0,"name":"Shaded","section":"Shading Mode"},"sceneLighting":false,"audioPlay":false,"sceneViewState":{"showFog":true,"showMaterialUpdate":true,"showSkybox":false,"showFlares":true,"showImageEffects":true,"showParticleSystems":true},"in2DMode":false,"pivot":{"x":0.036810554563999179,"y":0.0245671309530735,"z":-0.011652901768684388},"rotation":{"x":0.06296044588088989,"y":-0.0000010289517149431049,"z":-3.719792687206791e-7,"w":0.9980160593986511},"size":0.46364250779151919,"orthographic":false}